{
	"NVDA": {
		"ticker": "NVDA",
		"min": 4.91,
		"max": 149.43,
		"avg": 41.100224721780606,
		"median": 33.2635
	},
	"TSLA": {
		"ticker": "TSLA",
		"min": 24.0813,
		"max": 479.86,
		"avg": 220.8562418918919,
		"median": 334.3833
	},
	"AMZN": {
		"ticker": "AMZN",
		"min": 81.82,
		"max": 242.06,
		"avg": 149.4860433227345,
		"median": 232.79
	}
}
